orderId,userId,productId,name,quantity,price
54d586dd,id-test2,"('3bb40b24',)",test2222222,2,3
e40cc796,test9,"('14c6f60a',)",keyboard,3,4
bf3d091b,test9,"('f045bad5',)",Speaker,10,20
c048aa03,test9,"('1312e4ce',)",Keyboard,4,10
orderId,userId,productId,name,quantity,price
e3111db8,test9,"('1312e4ce',)",Keyboard,1,10
48ae6181,test9,"('3bb40b24',)",Lamp,2,16
7e1d6aa4,test9,"('c61395d7',)",Space-heater,2,50
7a81466c,test9,"('3bb40b24',)",Lamp,2,16
1948659e,test9,"('3bb40b24',)",Lamp,1,16
65018d56,test9,c61395d7,Space-heater,2,50
