orderId,userId,datePlaced,totalPrice
54d586dd,id-test2,Tue Feb 25 07:57:48 2025,6
e40cc796,test9,Tue Feb 25 08:39:26 2025,12
bf3d091b,test9,Tue Feb 25 08:41:34 2025,200
orderId,userId,datePlaced,totalPrice
c048aa03,test9,Tue Feb 25 09:12:46 2025,40
orderId,userId,datePlaced,totalPrice
e3111db8,test9,Tue Feb 25 09:13:39 2025,10
e704eed7,test9,Tue Feb 25 09:17:10 2025,32
48ae6181,test9,Tue Feb 25 09:17:54 2025,32
7e1d6aa4,test9,Tue Feb 25 09:21:07 2025,100
7a81466c,test9,Tue Feb 25 09:34:43 2025,32
1948659e,test9,Tue Feb 25 09:36:11 2025,16
8dc483f0,test9,Tue Feb 25 09:41:28 2025,30
65018d56,test9,Tue Feb 25 09:41:58 2025,100
